{
  "ignore": [
    {
      "cluster": "d1_coreup",
      "time": {
        "start": "2025-08-22T16:00:00+07:00",
        "end": "2025-08-22T01:00:00+07:00"
      },
      "namespaces": [
        {
          "name": "*",
          "time": {
            "start": "2025-08-22T16:00:00+07:00",
            "end": "2025-08-22T19:00:00+07:00"
          },
          "pods": []
        }
      ]
    },
    {
      "cluster": "d2_test",
      "time": {},
      "namespaces": [
        {
          "name": "test-namespace",
          "time": {
            "start": "2025-08-22T17:00:00+07:00",
            "end": "2025-08-22T21:00:00+07:00"
          },
          "pods": [
            {
              "name": "*",
              "time": {}
            }
          ]
        }
      ]
    },
    {
      "cluster": "*",
      "time": {
        "start": "2025-08-22T17:10:00+07:00",
        "end": "2025-08-22T17:30:00+07:00"
      },
      "namespaces": []
    }
  ]
}