{
  "clusterGroups": [
    {
      "name": "cluster-group-ignore",
      "clusters": ["d1_corepu", "d1_tool"],
      "time": {
        "start": "2025-08-22T20:00:00+07:00",
        "end": "2025-08-22T20:10:00+07:00"
      }
    }
  ],
  "ignore": [
    {
      "cluster": "d1_corepu",
      "time": {
        "start": "2025-08-22T16:00:00+07:00",
        "end": "2025-08-22T23:00:00+07:00"
      },
      "namespaceGroups": [
        {
          "name": "namespace-group-ignore",
          "namespaces": ["ns1", "ns2"],
          "time": {
            "start": "2025-08-22T10:00:00+07:00",
            "end": "2025-08-22T10:00:00+07:00"
          }
        }
      ],
      "namespaces": [
        {
          "name": "*",
          "time": {
            "start": "2025-08-22T10:00:00+07:00",
            "end": "2025-08-22T10:00:00+07:00"
          },
          "pods": []
        },
        {
          "name": "ns1",
          "podGroups": [
            {
              "name": "pod-group-ingore",
              "pods": ["pod-a", "pod-b"],
              "time": {
                "start": "2025-08-22T09:30:00+07:00",
                "end": "2025-08-22T09:50:00+07:00"
              }
            }
          ],
          "pods": [
            {
              "name": "pod-a",
              "time": {
                "start": "2025-08-22T10:00:00+07:00",
                "end": "2025-08-22T10:10:00+07:00"
              }
            },
            {
              "name": "pod-b",
              "time": {
                "start": "2025-08-22T10:00:00+07:00",
                "end": "2025-08-22T20:10:00+07:00"
              }
            },
            {
              "name": "*",
              "time": {
                "start": "2025-08-22T10:00:00+07:00",
                "end": "2025-08-22T10:10:00+07:00"
              }
            }
          ]
        }
      ]
    },
    {
      "cluster": "d2_test",
      "time": {},
      "namespaces": [
        {
          "name": "test-namespace",
          "podGroups": [
            {
              "name": "pod-group-test",
              "pods": ["mnp", "xyz"],
              "time": {
                "start": "2025-08-22T09:00:00+07:00",
                "end": "2025-08-22T11:00:00+07:00"
              }
            }
          ],
          "pods": [
            {
              "name": "mnp",
              "time": {
                "start": "2025-08-22T10:00:00+07:00",
                "end": "2025-08-22T10:10:00+07:00"
              }
            }
          ]
        }
      ]
    },
    {
      "cluster": "*",
      "time": {
        "start": "2025-08-22T12:10:00+07:00",
        "end": "2025-08-22T12:30:00+07:00"
      },
      "namespaces": []
    }
  ]
}
